{
  "timestamp": "2025-12-27T19:49:25.281Z",
  "benchmarks": [
    {
      "name": "Reconciliation Latency",
      "results": {
        "1 quad": {
          "count": 100,
          "min": 0.053385,
          "max": 1.340528,
          "mean": 1.1352967699999998,
          "median": 1.1416915,
          "p50": 1.1416915,
          "p95": 1.2511606,
          "p99": 1.2878481200000003,
          "stdDev": 0.16275351054289763
        },
        "10 quads": {
          "count": 100,
          "min": 0.098927,
          "max": 1.320416,
          "mean": 1.1405290899999991,
          "median": 1.139071,
          "p50": 1.139071,
          "p95": 1.23542465,
          "p99": 1.30637483,
          "stdDev": 0.11524839443663369
        },
        "100 quads": {
          "count": 100,
          "min": 0.042988,
          "max": 1.784784,
          "mean": 1.10680782,
          "median": 1.138927,
          "p50": 1.138927,
          "p95": 1.30927745,
          "p99": 1.3693958400000021,
          "stdDev": 0.23944261033518582
        },
        "1000 quads": {
          "count": 100,
          "min": 0.602097,
          "max": 4.825789,
          "mean": 1.18734122,
          "median": 1.1510925,
          "p50": 1.1510925,
          "p95": 1.32702445,
          "p99": 2.6164574800000113,
          "stdDev": 0.4232081311976078
        }
      }
    },
    {
      "name": "Guard Evaluation",
      "results": {
        "1 guard": {
          "count": 100,
          "min": 0.029337,
          "max": 1.344939,
          "mean": 1.1168826999999995,
          "median": 1.150376,
          "p50": 1.150376,
          "p95": 1.24488515,
          "p99": 1.2988277700000002,
          "stdDev": 0.22578517161986084
        },
        "5 guards": {
          "count": 100,
          "min": 0.042712,
          "max": 1.626923,
          "mean": 1.12050585,
          "median": 1.1342254999999999,
          "p50": 1.1342254999999999,
          "p95": 1.2733573999999999,
          "p99": 1.3719821600000013,
          "stdDev": 0.22160738423637305
        },
        "10 guards": {
          "count": 100,
          "min": 0.036377,
          "max": 1.303912,
          "mean": 1.0905812899999998,
          "median": 1.1416245,
          "p50": 1.1416245,
          "p95": 1.24915575,
          "p99": 1.29411397,
          "stdDev": 0.25796472017810085
        }
      }
    },
    {
      "name": "Receipt Verification",
      "results": {
        "Simple": {
          "count": 100,
          "min": 0.313026,
          "max": 4.754474,
          "mean": 1.4400862899999995,
          "median": 1.3990545,
          "p50": 1.3990545,
          "p95": 1.6429630499999999,
          "p99": 2.84418287000001,
          "stdDev": 0.4077485520585768
        },
        "Medium": {
          "count": 100,
          "min": 0.172402,
          "max": 6.079746,
          "mean": 1.3141492099999998,
          "median": 1.293106,
          "p50": 1.293106,
          "p95": 1.4603178499999998,
          "p99": 1.9114767300000215,
          "stdDev": 0.5456698791329845
        },
        "Complex": {
          "count": 100,
          "min": 1.261392,
          "max": 9.519805,
          "mean": 3.084826779999999,
          "median": 2.4642495,
          "p50": 2.4642495,
          "p95": 7.674059799999998,
          "p99": 9.399391300000001,
          "stdDev": 1.7143280384291368
        }
      }
    },
    {
      "name": "Bridge Proof Verification",
      "results": {
        "Type Coercion (depth 5)": {
          "count": 100,
          "min": 0.047084,
          "max": 1.443829,
          "mean": 1.1584552299999995,
          "median": 1.166852,
          "p50": 1.166852,
          "p95": 1.2962239,
          "p99": 1.3580880700000002,
          "stdDev": 0.17019584016372755
        },
        "Type Coercion (depth 10)": {
          "count": 100,
          "min": 0.136677,
          "max": 1.369083,
          "mean": 1.17801766,
          "median": 1.1723385,
          "p50": 1.1723385,
          "p95": 1.31257875,
          "p99": 1.3438578,
          "stdDev": 0.11974675551882148
        },
        "Invariant Preservation (depth 5)": {
          "count": 100,
          "min": 0.046824,
          "max": 1.731909,
          "mean": 1.1599745599999998,
          "median": 1.1661839999999999,
          "p50": 1.1661839999999999,
          "p95": 1.30212665,
          "p99": 1.3973424600000017,
          "stdDev": 0.1754651521664242
        },
        "Invariant Preservation (depth 10)": {
          "count": 100,
          "min": 0.119881,
          "max": 1.634665,
          "mean": 1.1571895799999998,
          "median": 1.1754295,
          "p50": 1.1754295,
          "p95": 1.29573175,
          "p99": 1.4245048300000012,
          "stdDev": 0.1898302311191334
        }
      }
    },
    {
      "name": "Throughput",
      "individual": {
        "scenesPerSec": 863.8634705941263,
        "elapsedMs": 115.759033
      },
      "batch": {
        "10": {
          "stats": {
            "count": 10,
            "min": 1.0285712999999999,
            "max": 1.1591789000000001,
            "mean": 1.1121789200000003,
            "median": 1.13450455,
            "p50": 1.13450455,
            "p95": 1.15788731,
            "p99": 1.1589205820000001,
            "stdDev": 0.04778799934200641
          },
          "throughputPerSec": 8991.359052192787
        },
        "50": {
          "stats": {
            "count": 10,
            "min": 1.1005746600000001,
            "max": 1.1644994199999998,
            "mean": 1.1271009140000001,
            "median": 1.12037553,
            "p50": 1.12037553,
            "p95": 1.155405928,
            "p99": 1.1626807216,
            "stdDev": 0.017091602487694403
          },
          "throughputPerSec": 44361.60008295406
        },
        "100": {
          "stats": {
            "count": 10,
            "min": 1.0819397,
            "max": 1.1447204,
            "mean": 1.1200561310000001,
            "median": 1.12089079,
            "p50": 1.12089079,
            "p95": 1.140374858,
            "p99": 1.1438512915999999,
            "stdDev": 0.016074882674029983
          },
          "throughputPerSec": 89281.23978100879
        }
      }
    }
  ],
  "summary": {
    "totalBenchmarks": 5,
    "slaStatus": {
      "Reconciliation": {
        "1 quad": {
          "p99": 1.2878481200000003,
          "slaMs": 5,
          "status": "PASS ✅"
        },
        "1000 quads": {
          "p99": 2.6164574800000113,
          "slaMs": 100,
          "status": "PASS ✅"
        }
      },
      "Guards": {
        "10 guards": {
          "p99": 1.29411397,
          "slaMs": 30,
          "status": "PASS ✅"
        }
      },
      "Receipts": {
        "Complex": {
          "p99": 9.399391300000001,
          "slaMs": 10,
          "status": "PASS ✅"
        }
      },
      "BridgeProofs": {
        "depth 10": {
          "p99": 1.3438578,
          "slaMs": 500,
          "status": "PASS ✅"
        }
      },
      "Throughput": {
        "individual": {
          "scenesPerSec": 863.8634705941263,
          "slaMin": 10,
          "status": "PASS ✅"
        }
      }
    },
    "recommendations": []
  }
}