{
  "timestamp": "2025-12-27T09:39:28.501Z",
  "benchmarks": [
    {
      "name": "Reconciliation Latency",
      "results": {
        "1 quad": {
          "count": 100,
          "min": 0.043102,
          "max": 1.314694,
          "mean": 1.1346822600000002,
          "median": 1.1362535,
          "p50": 1.1362535,
          "p95": 1.2397841,
          "p99": 1.3039228000000003,
          "stdDev": 0.11965214751057503
        },
        "10 quads": {
          "count": 100,
          "min": 0.047179,
          "max": 1.321846,
          "mean": 1.0929432999999997,
          "median": 1.1200155,
          "p50": 1.1200155,
          "p95": 1.21148115,
          "p99": 1.29954922,
          "stdDev": 0.20853973681883747
        },
        "100 quads": {
          "count": 100,
          "min": 0.025637,
          "max": 1.556027,
          "mean": 1.1142191700000004,
          "median": 1.1282685,
          "p50": 1.1282685,
          "p95": 1.3632522,
          "p99": 1.4420017700000005,
          "stdDev": 0.2385707656916939
        },
        "1000 quads": {
          "count": 100,
          "min": 0.051697,
          "max": 2.33698,
          "mean": 1.1191895199999997,
          "median": 1.1297855,
          "p50": 1.1297855,
          "p95": 1.2731724999999998,
          "p99": 1.6527999100000035,
          "stdDev": 0.22665057763855265
        }
      }
    },
    {
      "name": "Guard Evaluation",
      "results": {
        "1 guard": {
          "count": 100,
          "min": 0.108938,
          "max": 1.320054,
          "mean": 1.1271631599999998,
          "median": 1.1300240000000001,
          "p50": 1.1300240000000001,
          "p95": 1.2419942000000002,
          "p99": 1.2864999300000004,
          "stdDev": 0.152767602249477
        },
        "5 guards": {
          "count": 100,
          "min": 0.033473,
          "max": 1.785852,
          "mean": 1.12515782,
          "median": 1.136465,
          "p50": 1.136465,
          "p95": 1.2441890999999998,
          "p99": 1.412766540000002,
          "stdDev": 0.2091031700461941
        },
        "10 guards": {
          "count": 100,
          "min": 0.037014,
          "max": 1.622975,
          "mean": 1.1351484299999997,
          "median": 1.131914,
          "p50": 1.131914,
          "p95": 1.27791715,
          "p99": 1.3640197100000016,
          "stdDev": 0.1695379222174352
        }
      }
    },
    {
      "name": "Receipt Verification",
      "results": {
        "Simple": {
          "count": 100,
          "min": 0.324324,
          "max": 5.641414,
          "mean": 1.4678928600000005,
          "median": 1.4180199999999998,
          "p50": 1.4180199999999998,
          "p95": 1.7230313999999998,
          "p99": 2.697333190000015,
          "stdDev": 0.47795859811052716
        },
        "Medium": {
          "count": 100,
          "min": 1.231155,
          "max": 6.217221,
          "mean": 1.3610069099999997,
          "median": 1.293892,
          "p50": 1.293892,
          "p95": 1.4048463,
          "p99": 1.8563729700000224,
          "stdDev": 0.4932292001449447
        },
        "Complex": {
          "count": 100,
          "min": 1.234097,
          "max": 10.318605,
          "mean": 3.12475731,
          "median": 2.4538185,
          "p50": 2.4538185,
          "p95": 7.897623449999999,
          "p99": 10.13716572,
          "stdDev": 1.8414820106089373
        }
      }
    },
    {
      "name": "Bridge Proof Verification",
      "results": {
        "Type Coercion (depth 5)": {
          "count": 100,
          "min": 0.053825,
          "max": 1.30886,
          "mean": 1.1131928399999997,
          "median": 1.1667095,
          "p50": 1.1667095,
          "p95": 1.2753548,
          "p99": 1.2988659500000002,
          "stdDev": 0.2558893085469466
        },
        "Type Coercion (depth 10)": {
          "count": 100,
          "min": 0.060019,
          "max": 1.618697,
          "mean": 1.1357132699999994,
          "median": 1.1808865,
          "p50": 1.1808865,
          "p95": 1.3126044499999998,
          "p99": 1.438637780000001,
          "stdDev": 0.2788333859693583
        },
        "Invariant Preservation (depth 5)": {
          "count": 100,
          "min": 0.058441,
          "max": 1.311034,
          "mean": 1.1562291000000007,
          "median": 1.1713255,
          "p50": 1.1713255,
          "p95": 1.2598202499999998,
          "p99": 1.28359021,
          "stdDev": 0.15942768140435962
        },
        "Invariant Preservation (depth 10)": {
          "count": 100,
          "min": 0.036904,
          "max": 1.449991,
          "mean": 1.1452920899999999,
          "median": 1.1648145,
          "p50": 1.1648145,
          "p95": 1.2840582,
          "p99": 1.3256974900000005,
          "stdDev": 0.2034849279123688
        }
      }
    },
    {
      "name": "Throughput",
      "individual": {
        "scenesPerSec": 898.7633905521759,
        "elapsedMs": 111.263989
      },
      "batch": {
        "10": {
          "stats": {
            "count": 10,
            "min": 1.0109185,
            "max": 1.2322783,
            "mean": 1.1337770500000002,
            "median": 1.13626015,
            "p50": 1.13626015,
            "p95": 1.1979656199999997,
            "p99": 1.2254157639999999,
            "stdDev": 0.05100612677716765
          },
          "throughputPerSec": 8820.076222216703
        },
        "50": {
          "stats": {
            "count": 10,
            "min": 1.09265292,
            "max": 1.15404028,
            "mean": 1.1243980260000002,
            "median": 1.12743635,
            "p50": 1.12743635,
            "p95": 1.148389918,
            "p99": 1.1529102076,
            "stdDev": 0.018624740612465034
          },
          "throughputPerSec": 44468.23886544247
        },
        "100": {
          "stats": {
            "count": 10,
            "min": 1.07259752,
            "max": 1.14948498,
            "mean": 1.103203592,
            "median": 1.100230415,
            "p50": 1.100230415,
            "p95": 1.1378947935,
            "p99": 1.1471669427,
            "stdDev": 0.0206458737237327
          },
          "throughputPerSec": 90645.10007505486
        }
      }
    }
  ],
  "summary": {
    "totalBenchmarks": 5,
    "slaStatus": {
      "Reconciliation": {
        "1 quad": {
          "p99": 1.3039228000000003,
          "slaMs": 5,
          "status": "PASS ✅"
        },
        "1000 quads": {
          "p99": 1.6527999100000035,
          "slaMs": 100,
          "status": "PASS ✅"
        }
      },
      "Guards": {
        "10 guards": {
          "p99": 1.3640197100000016,
          "slaMs": 30,
          "status": "PASS ✅"
        }
      },
      "Receipts": {
        "Complex": {
          "p99": 10.13716572,
          "slaMs": 10,
          "status": "FAIL ❌"
        }
      },
      "BridgeProofs": {
        "depth 10": {
          "p99": 1.438637780000001,
          "slaMs": 500,
          "status": "PASS ✅"
        }
      },
      "Throughput": {
        "individual": {
          "scenesPerSec": 898.7633905521759,
          "slaMin": 10,
          "status": "PASS ✅"
        }
      }
    },
    "recommendations": [
      "Complex receipt verification is slow. Consider caching hash computations or using hardware acceleration."
    ]
  }
}