{
  "timestamp": "2025-12-27T09:57:18.516Z",
  "nodeVersion": "v22.21.1",
  "platform": "linux x64",
  "benchmarks": {
    "scan": {
      "operation": "scan",
      "target": 30000,
      "actual": 77.477965,
      "passed": true,
      "metrics": {
        "totalTime": 77.477965,
        "observationsPerSec": 12906.895528296336,
        "totalObservations": 1000,
        "memoryUsedMB": 1.3119583129882812,
        "guardStats": {
          "hits": 0,
          "misses": 1000,
          "hitRate": 0
        }
      }
    },
    "merge": {
      "operation": "merge",
      "target": 1000,
      "actual": 8.358192000000003,
      "passed": true,
      "metrics": {
        "totalTime": 8.358192000000003,
        "merkleTime": 0.19395600000001423,
        "claimsPerSec": 4905367.093744675,
        "totalClaims": 41000,
        "uniqueClaims": 38007,
        "merkleRoot": "8f29269ea724246e5a0d75fc34be5a63fe08692e7281fe4c0fdbdf8d60e959ec",
        "memoryUsedMB": 0.00354766845703125
      }
    },
    "verify": {
      "operation": "verify",
      "target": 10000,
      "actual": 26.54830100000001,
      "passed": true,
      "metrics": {
        "totalTime": 26.54830100000001,
        "merkleVerifyTime": 0.19373500000000377,
        "operationsPerSec": 37667.19384415596,
        "totalVerifications": 1000,
        "claimCount": 1000,
        "memoryUsedMB": 0.0771484375
      }
    },
    "guardLatency": {
      "operation": "guardLatency",
      "target": 5,
      "actual": 0.0011460000000056425,
      "passed": true,
      "metrics": {
        "median": 0.0011460000000056425,
        "p99": 0.009510890000008486,
        "mean": 0.0015835099999999614,
        "decisionsPerSec": 631508.4843165022,
        "cacheHit": {
          "count": 1000,
          "min": 0.00045099999999820284,
          "max": 0.015728000000024167,
          "mean": 0.000840749000000244,
          "median": 0.0008784999999988941,
          "stddev": 0.0005850626257077361,
          "p50": 0.0008784999999988941,
          "p75": 0.0009400000000141517,
          "p95": 0.0010559999999784962,
          "p99": 0.0014290400000015779
        },
        "newPattern": {
          "count": 1000,
          "min": 0.0010589999999979227,
          "max": 0.06984199999999419,
          "mean": 0.0023262709999996786,
          "median": 0.0015420000000005984,
          "stddev": 0.003234323336891113,
          "p50": 0.0015420000000005984,
          "p75": 0.002174749999994674,
          "p95": 0.007461700000008874,
          "p99": 0.010704950000003917
        },
        "cacheStats": {
          "hits": 1000,
          "misses": 10,
          "hitRate": 0.9900990099009901
        }
      }
    },
    "memory": {
      "operation": "memory",
      "target": 100,
      "actual": 5.946464538574219,
      "passed": true,
      "metrics": {
        "baseline": 4.633247375488281,
        "peak": 7.989837646484375,
        "steadyState": 5.946464538574219,
        "memoryPerAgentMB": 0.13132171630859374,
        "observationCount": 1000,
        "rss": 141.296875
      }
    },
    "storage": {
      "operation": "storage",
      "metrics": {
        "memory": {
          "set": {
            "count": 100,
            "min": 0.0003530000000182554,
            "max": 0.0367650000000026,
            "mean": 0.0019499000000001842,
            "median": 0.0007114999999942029,
            "stddev": 0.005137186692149056,
            "p50": 0.0007114999999942029,
            "p75": 0.0011515000000059672,
            "p95": 0.0055988499999870085,
            "p99": 0.03616505999999788
          },
          "get": {
            "count": 100,
            "min": 0.00025800000003073364,
            "max": 0.015156999999987875,
            "mean": 0.0007378000000022667,
            "median": 0.00044850000000451473,
            "stddev": 0.0015038097818522186,
            "p50": 0.00044850000000451473,
            "p75": 0.0007130000000188375,
            "p95": 0.0015586499999727713,
            "p99": 0.0023483800000247564
          },
          "avgMs": 0.0013438500000012255,
          "passed": true
        },
        "file": {
          "set": {
            "count": 50,
            "min": 0.2957099999999855,
            "max": 5.7618739999999775,
            "mean": 2.5564166999999984,
            "median": 2.023474499999992,
            "stddev": 1.4933424980719723,
            "p50": 2.023474499999992,
            "p75": 3.6688594999999964,
            "p95": 5.247441899999972,
            "p99": 5.619643659999989
          },
          "get": {
            "count": 50,
            "min": 0.3677729999999997,
            "max": 1.3353579999999852,
            "mean": 0.7971684200000004,
            "median": 0.7939829999999972,
            "stddev": 0.23530676838901812,
            "p50": 0.7939829999999972,
            "p75": 0.9719922499999711,
            "p95": 1.1750763499999777,
            "p99": 1.268971329999974
          },
          "avgMs": 1.6767925599999995,
          "passed": true
        }
      },
      "passed": true
    }
  },
  "summary": {
    "passed": 6,
    "failed": 0,
    "total": 6
  },
  "bottlenecks": [
    {
      "name": "generatePayload",
      "count": 1000,
      "min": 0.006941999999980908,
      "max": 1.121680000000083,
      "mean": 0.030840086000000384,
      "median": 0.01391399999999976,
      "stddev": 0.061014623856896426,
      "p50": 0.01391399999999976,
      "p75": 0.02843400000000429,
      "p95": 0.1126395000000627,
      "p99": 0.1756416500000455,
      "totalTime": 30.840086000000383,
      "percentOfTotal": 47.0604986659385
    },
    {
      "name": "JSON.stringify",
      "count": 1000,
      "min": 0.006617000000005646,
      "max": 1.5694730000000163,
      "mean": 0.015402614999998263,
      "median": 0.014629500000012285,
      "stddev": 0.04945518118024455,
      "p50": 0.014629500000012285,
      "p75": 0.014990000000011605,
      "p95": 0.015666100000009918,
      "p99": 0.025783499999936337,
      "totalTime": 15.402614999998264,
      "percentOfTotal": 23.50365503712842
    },
    {
      "name": "simulateBlake3",
      "count": 1000,
      "min": 0.005313000000001011,
      "max": 1.1456110000000308,
      "mean": 0.01274587899999915,
      "median": 0.010340000000041982,
      "stddev": 0.039591803228048256,
      "p50": 0.010340000000041982,
      "p75": 0.011232999999975846,
      "p95": 0.017613400000033134,
      "p99": 0.056958300000020425,
      "totalTime": 12.74587899999915,
      "percentOfTotal": 19.449602756479543
    },
    {
      "name": "deterministicSerialize",
      "count": 1000,
      "min": 0.001786000000038257,
      "max": 0.933039000000008,
      "mean": 0.0048360130000013445,
      "median": 0.0033740000000079817,
      "stddev": 0.03261908312118652,
      "p50": 0.0033740000000079817,
      "p75": 0.0037815000000023247,
      "p95": 0.005822850000078005,
      "p99": 0.017622479999978347,
      "totalTime": 4.836013000001344,
      "percentOfTotal": 7.3795249252878765
    },
    {
      "name": "guardDecision",
      "count": 1000,
      "min": 0.0008729999999559368,
      "max": 0.10196700000005876,
      "mean": 0.0017082569999985254,
      "median": 0.0010164999999346946,
      "stddev": 0.00522172757111712,
      "p50": 0.0010164999999346946,
      "p75": 0.0015302500000018426,
      "p95": 0.002230349999939562,
      "p99": 0.006607899999947851,
      "totalTime": 1.7082569999985253,
      "percentOfTotal": 2.6067186151656556
    }
  ]
}