{
  "startup.coldStartup": {
    "name": "daemon-cold-startup",
    "runs": 50,
    "latency": {
      "mean": 0.19158634000000008,
      "p50": 0.1119939999999815,
      "p95": 0.5295750000000226,
      "p99": 2.042782999999986,
      "min": 0.03096299999998564,
      "max": 2.042782999999986
    },
    "memory": {
      "avgMB": 0.011875762939453124,
      "maxMB": 0.1651763916015625
    },
    "passed": true,
    "target": "500ms",
    "unit": "ms"
  },
  "startup.warmStartup": {
    "name": "daemon-warm-startup",
    "runs": 30,
    "latency": {
      "mean": 0.04536346666667062,
      "p50": 0.03373100000010254,
      "p95": 0.12295499999993353,
      "p99": 0.14581799999996292,
      "min": 0.022478999999975713,
      "max": 0.14581799999996292
    },
    "passed": true,
    "target": "300ms",
    "unit": "ms"
  },
  "startup.startupWithLoad": {
    "name": "daemon-startup-with-load",
    "runs": 10,
    "operationCount": 100,
    "latency": {
      "mean": 0.02518579999997428,
      "p50": 0.018155999999976302,
      "p95": 0.0860890000000154,
      "p99": 0.0860890000000154,
      "min": 0.012456000000042877,
      "max": 0.0860890000000154
    },
    "passed": true,
    "target": "1000ms",
    "unit": "ms"
  },
  "ipc.roundTrip": {
    "name": "ipc-round-trip-latency",
    "messageCount": 5000,
    "runs": 5,
    "latency": {
      "mean": 0.014219817800001443,
      "p50": 0.008744000000092456,
      "p95": 0.0357569999999896,
      "p99": 0.10391400000003159,
      "min": 0.004576000000042768,
      "max": 0.7107849999999871
    },
    "passed": true,
    "target": "10ms",
    "unit": "ms"
  },
  "ipc.throughput": {
    "name": "ipc-message-throughput",
    "duration": 5000,
    "runs": 3,
    "throughput": {
      "mean": 61581.332478319644,
      "min": 57573.15483512011,
      "max": 63774.179916177345
    },
    "passed": true,
    "target": "1000 msg/s",
    "unit": "messages/sec"
  },
  "ipc.queueDepthImpact": {
    "name": "ipc-queue-depth-impact",
    "queueDepths": [
      10,
      50,
      100,
      500
    ],
    "messagesPerDepth": 100,
    "results": [
      {
        "queueDepth": 10,
        "latency": {
          "p50": 0.01069900000038615,
          "p95": 0.044200000000273576,
          "mean": 0.01566301000000749
        }
      },
      {
        "queueDepth": 50,
        "latency": {
          "p50": 0.0092930000009801,
          "p95": 0.018584999999802676,
          "mean": 0.010654300000023795
        }
      },
      {
        "queueDepth": 100,
        "latency": {
          "p50": 0.009572999999363674,
          "p95": 0.01586699999825214,
          "mean": 0.01038591999991695
        }
      },
      {
        "queueDepth": 500,
        "latency": {
          "p50": 0.011241999998674146,
          "p95": 0.0316129999991972,
          "mean": 0.016065549999930227
        }
      }
    ],
    "scaling": {
      "latencyIncrease": 0.7152262443213017,
      "queueIncrease": 50,
      "scalingFactor": 0.014304524886426034,
      "sublinear": true
    },
    "passed": true,
    "target": "sub-linear scaling",
    "unit": "ratio"
  },
  "workflow.simpleWorkflow": {
    "name": "simple-workflow-execution",
    "workflowCount": 500,
    "runs": 5,
    "latency": {
      "mean": 5.287069873999932,
      "p50": 5.30690499999946,
      "p95": 5.552544999998645,
      "p99": 5.87720199999967,
      "min": 4.117150000000038,
      "max": 6.196390000000974
    },
    "passed": true,
    "target": "100ms",
    "unit": "ms"
  },
  "workflow.multiStepWorkflow": {
    "name": "multi-step-workflow-execution",
    "steps": 5,
    "workflowCount": 150,
    "runs": 3,
    "latency": {
      "mean": 16.0590407466667,
      "p50": 16.13745299999937,
      "p95": 16.593801999999414,
      "p99": 17.31229499999972,
      "min": 14.401577000000543,
      "max": 17.312918999999965
    },
    "passed": true,
    "target": "200ms",
    "unit": "ms"
  },
  "workflow.conditionalWorkflow": {
    "name": "conditional-workflow-execution",
    "branches": 3,
    "workflowCount": 150,
    "runs": 3,
    "branchDistribution": [
      60,
      43,
      47
    ],
    "latency": {
      "mean": 16.41623220666656,
      "p50": 15.604178999998112,
      "p95": 32.14274600000135,
      "p99": 32.31984499999817,
      "min": 4.204670999999507,
      "max": 32.40399900000193
    },
    "passed": true,
    "target": "250ms",
    "unit": "ms"
  },
  "workflow.taskTransitions": {
    "name": "task-transition-overhead",
    "transitions": 300,
    "workflowCount": 30,
    "latency": {
      "mean": 1.221013913333433,
      "p50": 1.1554709999982151,
      "p95": 1.7915290000019013,
      "min": 0.02836800000295625,
      "max": 2.16849000000002
    },
    "passed": true,
    "target": "20ms",
    "unit": "ms"
  },
  "concurrent.concurrentExecution": {
    "name": "concurrent-workflow-execution",
    "concurrencyLevels": [
      1,
      5,
      10,
      20,
      50
    ],
    "workflowsPerLevel": 20,
    "runs": 3,
    "results": [
      {
        "concurrency": 1,
        "latency": {
          "mean": 1.038958249999996,
          "min": 1.0236110999998345,
          "max": 1.051372850000007
        },
        "throughput": {
          "mean": 962.6214569774233,
          "min": 951.1373629250493,
          "max": 976.9335248515395
        }
      },
      {
        "concurrency": 5,
        "latency": {
          "mean": 1.0268663666667028,
          "min": 1.0206198500000028,
          "max": 1.0304162500000529
        },
        "throughput": {
          "mean": 973.854734414262,
          "min": 970.481589357649,
          "max": 979.7967382272619
        }
      },
      {
        "concurrency": 10,
        "latency": {
          "mean": 1.0368911166666293,
          "min": 1.0324114999999439,
          "max": 1.0447486999999456
        },
        "throughput": {
          "mean": 964.449188401942,
          "min": 957.1679773327807,
          "max": 968.6060257949999
        }
      },
      {
        "concurrency": 20,
        "latency": {
          "mean": 1.0370069166666631,
          "min": 1.0301136500000212,
          "max": 1.0468831000000136
        },
        "throughput": {
          "mean": 964.3595677640063,
          "min": 955.2164897876247,
          "max": 970.7666722016347
        }
      },
      {
        "concurrency": 50,
        "latency": {
          "mean": 1.0319831666666384,
          "min": 1.0251048000000083,
          "max": 1.0423767000000226
        },
        "throughput": {
          "mean": 969.0586965198764,
          "min": 959.3460790134492,
          "max": 975.5100161466339
        }
      }
    ],
    "scalability": {
      "baselineThroughput": 962.6214569774233,
      "highestThroughput": 969.0586965198764,
      "scalabilityFactor": 1.0066871972318856,
      "linear": false
    },
    "passed": true,
    "target": "200ms @ 10 concurrent",
    "unit": "ms"
  },
  "concurrent.resourceContention": {
    "name": "resource-contention",
    "concurrency": 20,
    "duration": 5000,
    "runs": 3,
    "latency": {
      "mean": 10.302368315825829,
      "p50": 10.179361000002245,
      "p95": 10.638323000006494,
      "p99": 11.012525000001915,
      "variance": 1.0818483596366693
    },
    "throughput": {
      "mean": 96.34408464482675,
      "min": 94.91312850020775,
      "max": 97.26489227553976
    },
    "passed": true,
    "target": "P99/P50 < 5",
    "unit": "ratio"
  },
  "concurrent.burstHandling": {
    "name": "burst-handling",
    "burstSize": 50,
    "maxConcurrent": 10,
    "runs": 5,
    "latency": {
      "p50": 20.38807999999699,
      "p95": 21.01528899999539,
      "p99": 21.02284199999849
    },
    "completionTime": {
      "mean": 20.649163200000476,
      "min": 20.443428999999014,
      "max": 21.119641000004776
    },
    "throughput": 2421.4056286793666,
    "passed": true,
    "target": "P95 <500ms, >50 wf/s",
    "unit": "ms"
  },