{
  "timestamp": "2026-04-23T08:33:59.860Z",
  "environment": {
    "node": "v20.13.0",
    "platform": "darwin",
    "cpus": 16,
    "memory": 51539607552
  },
  "benchmarks": {
    "filesystem": {
      "yawl_files": 0,
      "yawl_size_bytes": 0,
      "total_mjs_files": 873,
      "total_size_bytes": 0,
      "modified_24h": 41
    },
    "test_execution": {
      "runs": [
        2522.607209,
        2255.2327499999997
      ],
      "average": 2388.9199794999995,
      "min": 2255.2327499999997,
      "max": 2522.607209,
      "sla_limit": 5000,
      "sla_passed": true
    },
    "memory": {
      "baseline_rss": 46383104,
      "baseline_heap": 3991200,
      "after_load_rss": 48316416,
      "after_load_heap": 4513168,
      "delta_rss": 1933312,
      "delta_heap": 521968
    },
    "import_resolution": {
      "runs": [
        55.65162499999951,
        55.60933300000033,
        53.7398749999993,
        45.865084000000024,
        37.78666700000031
      ],
      "average": 49.7305167999999,
      "min": 37.78666700000031,
      "max": 55.65162499999951
    }
  },
  "sla": {
    "passed": true,
    "violations": []
  }
}