{
  "hook-execution": {
    "runs": 10,
    "duration": {
      "n": 10,
      "min": 1046.8317029999998,
      "max": 1729.9565599999987,
      "mean": 1310.6102373,
      "stddev": 199.66548071944243,
      "median": 1261.9303820000005,
      "p95": 1729.9565599999987,
      "coefficientOfVariation": 15.23454304239032,
      "unit": "ms"
    },
    "metrics": {
      "definition.meanUs": {
        "n": 10,
        "min": 1.7691801999998802,
        "max": 2.4135109000002783,
        "mean": 2.0327107600001915,
        "stddev": 0.19896813090556265,
        "median": 1.9873112999991236,
        "p95": 2.4135109000002783,
        "coefficientOfVariation": 9.78831493495631,
        "unit": ""
      },
      "definition.p95Us": {
        "n": 10,
        "min": 4.214999999931024,
        "max": 5.641999999966174,
        "mean": 4.696699999993825,
        "stddev": 0.3919229643774104,
        "median": 4.695999999967171,
        "p95": 5.641999999966174,
        "coefficientOfVariation": 8.344645482528705,
        "unit": ""
      },
      "definition.p99Us": {
        "n": 10,
        "min": 6.603999999924781,
        "max": 10.259000000019114,
        "mean": 8.134099999972477,
        "stddev": 0.9721037444899544,
        "median": 7.954999999810752,
        "p95": 10.259000000019114,
        "coefficientOfVariation": 11.950968693441729,
        "unit": ""
      },
      "definitionWithValidation.meanUs": {
        "n": 10,
        "min": 1.044446499999583,
        "max": 1.6457354000004785,
        "mean": 1.2760662899998925,
        "stddev": 0.1666782164462976,
        "median": 1.3362455000002569,
        "p95": 1.6457354000004785,
        "coefficientOfVariation": 13.061877564864727,
        "unit": ""
      },
      "definitionWithValidation.p95Us": {
        "n": 10,
        "min": 1.6390000000683358,
        "max": 2.7380000000221116,
        "mean": 2.090199999986453,
        "stddev": 0.37106463047368576,
        "median": 2.126000000089334,
        "p95": 2.7380000000221116,
        "coefficientOfVariation": 17.752589727111793,
        "unit": ""
      },
      "definitionWithValidation.p99Us": {
        "n": 10,
        "min": 2.292000000011285,
        "max": 3.417000000013104,
        "mean": 2.739000000025271,
        "stddev": 0.38963521400530265,
        "median": 2.803000000085376,
        "p95": 3.417000000013104,
        "coefficientOfVariation": 14.225455056652345,
        "unit": ""
      },
      "execution.meanUs": {
        "n": 10,
        "min": 2.397656600000016,
        "max": 3.1081516000000304,
        "mean": 2.733184520000038,
        "stddev": 0.1973247473712657,
        "median": 2.775359100000014,
        "p95": 3.1081516000000304,
        "coefficientOfVariation": 7.2195911372739285,
        "unit": ""
      },
      "execution.p95Us": {
        "n": 10,
        "min": 3.5560000000032232,
        "max": 4.765000000020336,
        "mean": 3.9734999999723186,
        "stddev": 0.3995848470592467,
        "median": 3.9329999999608845,
        "p95": 4.765000000020336,
        "coefficientOfVariation": 10.056243791670576,
        "unit": ""
      },
      "execution.p99Us": {
        "n": 10,
        "min": 7.371000000034655,
        "max": 10.256000000026688,
        "mean": 8.579299999996692,
        "stddev": 0.8798915899085105,
        "median": 8.704000000079759,
        "p95": 10.256000000026688,
        "coefficientOfVariation": 10.255983470782578,
        "unit": ""
      },
      "chainExecution.meanUs": {
        "n": 10,
        "min": 4.296529999999211,
        "max": 5.972602600000289,
        "mean": 5.080784969999977,
        "stddev": 0.5152656401379531,
        "median": 5.095645799999852,
        "p95": 5.972602600000289,
        "coefficientOfVariation": 10.141457337407362,
        "unit": ""
      },
      "chainExecution.p95Us": {
        "n": 10,
        "min": 6.595999999944979,
        "max": 7.991000000174608,
        "mean": 7.157900000015616,
        "stddev": 0.4101964042258087,
        "median": 7.070999999996275,
        "p95": 7.991000000174608,
        "coefficientOfVariation": 5.7306808452886155,
        "unit": ""
      },
      "chainExecution.p99Us": {
        "n": 10,
        "min": 13.908000000014908,
        "max": 17.761999999947875,
        "mean": 15.393299999971077,
        "stddev": 1.0392580093444164,
        "median": 15.62300000000505,
        "p95": 17.761999999947875,
        "coefficientOfVariation": 6.751365914692554,
        "unit": ""
      },
      "registryRegister.meanUs": {
        "n": 10,
        "min": 3.071616299999505,
        "max": 4.712722799999949,
        "mean": 3.525621849999659,
        "stddev": 0.44007234556693114,
        "median": 3.4360426000002464,
        "p95": 4.712722799999949,
        "coefficientOfVariation": 12.482119872469411,
        "unit": ""
      },
      "registryRegister.p95Us": {
        "n": 10,
        "min": 4.5900000000074215,
        "max": 6.9910000000845685,
        "mean": 5.49940000001925,
        "stddev": 0.8258927533407231,
        "median": 5.475999999930536,
        "p95": 6.9910000000845685,
        "coefficientOfVariation": 15.017870191981528,
        "unit": ""
      },
      "registryRegister.p99Us": {
        "n": 10,
        "min": 7.444000000077722,
        "max": 9.779999999977917,
        "mean": 8.341400000028898,
        "stddev": 0.6783940152863068,
        "median": 8.094000000028245,
        "p95": 9.779999999977917,
        "coefficientOfVariation": 8.132855579206808,
        "unit": ""
      },
      "registryLookup.meanUs": {
        "n": 10,
        "min": 0.3150337999995827,
        "max": 1.6001945999997702,
        "mean": 0.7094992600003355,
        "stddev": 0.5154329099203846,
        "median": 0.3911830000002851,
        "p95": 1.6001945999997702,
        "coefficientOfVariation": 72.64742036801292,
        "unit": ""
      },
      "registryLookup.p95Us": {
        "n": 10,
        "min": 0.5260000000362197,
        "max": 1.034000000117885,
        "mean": 0.6820000000175241,
        "stddev": 0.14112831042416124,
        "median": 0.6700000000137152,
        "p95": 1.034000000117885,
        "coefficientOfVariation": 20.693300648172276,
        "unit": ""
      },
      "registryLookup.p99Us": {
        "n": 10,
        "min": 0.8640000000923465,
        "max": 1.6370000000733853,
        "mean": 1.1071000000015374,
        "stddev": 0.23410657828807685,
        "median": 1.0640000000421423,
        "p95": 1.6370000000733853,
        "coefficientOfVariation": 21.145928849042704,
        "unit": ""
      },
      "batchPerQuadUs": {
        "n": 10,
        "min": 1.9676762200000033,
        "max": 2.151061979999986,
        "mean": 2.0648727949999985,
        "stddev": 0.058380683269003086,
        "median": 2.0656713200000048,
        "p95": 2.151061979999986,
        "coefficientOfVariation": 2.827325896799523,
        "unit": ""
      },
      "throughputPerSec": {
        "n": 10,
        "min": 321734628.3881359,
        "max": 417073904.5783259,
        "mean": 367783580.05315554,
        "stddev": 26547046.86304532,
        "median": 364875121.3072248,
        "p95": 417073904.5783259,
        "coefficientOfVariation": 7.218116387688784,
        "unit": ""
      }
    }
  },
  "receipt-generation": {
    "runs": 10,
    "duration": {
      "n": 10,
      "min": 1341.938245999998,
      "max": 4167.217364,
      "mean": 2015.244105300001,
      "stddev": 828.2292088064163,
      "median": 1585.5042560000002,
      "p95": 4167.217364,
      "coefficientOfVariation": 41.09820773712777,
      "unit": "ms"
    },
    "metrics": {
      "meanMs": {
        "n": 10,
        "min": 0.33007513199999766,
        "max": 0.37029255099999725,
        "mean": 0.35239341019999787,
        "stddev": 0.011450286884957544,
        "median": 0.34909808799999587,
        "p95": 0.37029255099999725,
        "coefficientOfVariation": 3.2492908645649847,
        "unit": ""
      },